,0,1
0,morph/images/102648_3M44.JPG,0
1,morph/images/330486_03F29.JPG,1
2,morph/images/263120_10M22.JPG,0
3,morph/images/096771_01M40.JPG,0
4,morph/images/174580_05M30.JPG,0
5,morph/images/123618_1M33.JPG,0
6,morph/images/080310_4M43.JPG,0
7,morph/images/130655_3M32.JPG,0
8,morph/images/228187_05F27.JPG,1
9,morph/images/152576_01M41.JPG,0
10,morph/images/130986_1M33.JPG,0
11,morph/images/253049_00M28.JPG,0
12,morph/images/338025_02F40.JPG,1
13,morph/images/071702_01M43.JPG,0
14,morph/images/268367_01F25.JPG,1
15,morph/images/183140_02M31.JPG,0
16,morph/images/281106_09M34.JPG,0
17,morph/images/072540_1F38.JPG,1
18,morph/images/301817_07M27.JPG,0
19,morph/images/125134_01M38.JPG,0
20,morph/images/301517_00M21.JPG,0
21,morph/images/068739_00M45.JPG,0
22,morph/images/184109_02M28.JPG,0
23,morph/images/180258_02M31.JPG,0
24,morph/images/250462_02M22.JPG,0
25,morph/images/233131_17F43.JPG,1
26,morph/images/227009_02M40.JPG,0
27,morph/images/249962_01M22.JPG,0
28,morph/images/235500_13M38.JPG,0
29,morph/images/239367_00M30.JPG,0
30,morph/images/101443_1M39.JPG,0
31,morph/images/296573_06M22.JPG,0
32,morph/images/080574_04F41.JPG,1
33,morph/images/159842_05F31.JPG,1
34,morph/images/281171_02M29.JPG,0
35,morph/images/076902_2M36.JPG,0
36,morph/images/148546_02M36.JPG,0
37,morph/images/109780_01M44.JPG,0
38,morph/images/262348_00M22.JPG,0
39,morph/images/089279_0M35.JPG,0
40,morph/images/279129_00M23.JPG,0
41,morph/images/275320_02M25.JPG,0
42,morph/images/178992_04M29.JPG,0
43,morph/images/304181_02F35.JPG,1
44,morph/images/109015_04M40.JPG,0
45,morph/images/065955_3M45.JPG,0
46,morph/images/151867_02M32.JPG,0
47,morph/images/244344_00M23.JPG,0
48,morph/images/210982_04M30.JPG,0
49,morph/images/310979_00F41.JPG,1
50,morph/images/057354_02M45.JPG,0
51,morph/images/198076_02F30.JPG,1
52,morph/images/206466_01M27.JPG,0
53,morph/images/286845_01F44.JPG,1
54,morph/images/274164_02M21.JPG,0
55,morph/images/089212_00M37.JPG,0
56,morph/images/135939_11M43.JPG,0
57,morph/images/259974_01M24.JPG,0
58,morph/images/055321_01M44.JPG,0
59,morph/images/173412_00M29.JPG,0
60,morph/images/234801_01M27.JPG,0
61,morph/images/216467_04M31.JPG,0
62,morph/images/050405_0M45.JPG,0
63,morph/images/063189_1M41.JPG,0
64,morph/images/135085_00M42.JPG,0
65,morph/images/272480_00M29.JPG,0
66,morph/images/320516_04M35.JPG,0
67,morph/images/334375_02M22.JPG,0
68,morph/images/124815_1M35.JPG,0
69,morph/images/066676_3M44.JPG,0
70,morph/images/327449_03M24.JPG,0
71,morph/images/261242_00F21.JPG,1
72,morph/images/118198_0M37.JPG,0
73,morph/images/107251_1F43.JPG,1
74,morph/images/230663_00M31.JPG,0
75,morph/images/275746_00F22.JPG,1
76,morph/images/312815_01M27.JPG,0
77,morph/images/348653_00F23.JPG,1
78,morph/images/235374_03M35.JPG,0
79,morph/images/310291_02M21.JPG,0
80,morph/images/215288_01F28.JPG,1
81,morph/images/327312_08M39.JPG,0
82,morph/images/148586_02M37.JPG,0
83,morph/images/257868_01M22.JPG,0
84,morph/images/176332_02M37.JPG,0
85,morph/images/078461_2M38.JPG,0
86,morph/images/115931_7M38.JPG,0
87,morph/images/250523_02M25.JPG,0
88,morph/images/158191_05F42.JPG,1
89,morph/images/123539_0F40.JPG,1
90,morph/images/100222_2F39.JPG,1
91,morph/images/331634_02F45.JPG,1
92,morph/images/317511_02F31.JPG,1
93,morph/images/194542_05F27.JPG,1
94,morph/images/133390_00M36.JPG,0
95,morph/images/188808_00F35.JPG,1
96,morph/images/261543_00M28.JPG,0
97,morph/images/252709_00M23.JPG,0
98,morph/images/126115_4M32.JPG,0
99,morph/images/209174_02M28.JPG,0
100,morph/images/072488_2M40.JPG,0
101,morph/images/082440_4M44.JPG,0
102,morph/images/221174_00M23.JPG,0
103,morph/images/221505_00F32.JPG,1
104,morph/images/046861_2M45.JPG,0
105,morph/images/123602_06M35.JPG,0
106,morph/images/304740_12F35.JPG,1
107,morph/images/159740_03M31.JPG,0
108,morph/images/277603_01M23.JPG,0
109,morph/images/308708_03M33.JPG,0
110,morph/images/059070_0M40.JPG,0
111,morph/images/188312_00M29.JPG,0
112,morph/images/187674_02M29.JPG,0
113,morph/images/238933_01M28.JPG,0
114,morph/images/171785_00M30.JPG,0
115,morph/images/126371_1M33.JPG,0
116,morph/images/333928_02F22.JPG,1
117,morph/images/329258_01M26.JPG,0
118,morph/images/068767_4M43.JPG,0
119,morph/images/100259_1M38.JPG,0
120,morph/images/307919_03F30.JPG,1
121,morph/images/068338_0M42.JPG,0
122,morph/images/095909_0M42.JPG,0
123,morph/images/188869_02M40.JPG,0
124,morph/images/282820_02M45.JPG,0
125,morph/images/313615_06M24.JPG,0
126,morph/images/115749_20M36.JPG,0
127,morph/images/117017_3M35.JPG,0
128,morph/images/052581_0M45.JPG,0
129,morph/images/171742_03F45.JPG,1
130,morph/images/290387_06F31.JPG,1
131,morph/images/212307_05M27.JPG,0
132,morph/images/324219_07M21.JPG,0
133,morph/images/135240_0M38.JPG,0
134,morph/images/252174_00M22.JPG,0
135,morph/images/111901_0F37.JPG,1
136,morph/images/119851_2M43.JPG,0
137,morph/images/065553_0M42.JPG,0
138,morph/images/059758_1M40.JPG,0
139,morph/images/046359_1M45.JPG,0
140,morph/images/266204_00M23.JPG,0
141,morph/images/271397_00M21.JPG,0
142,morph/images/083498_0M41.JPG,0
143,morph/images/342266_01F24.JPG,1
144,morph/images/268108_01M21.JPG,0
145,morph/images/181904_03F31.JPG,1
146,morph/images/266672_02F42.JPG,1
147,morph/images/334107_01M43.JPG,0
148,morph/images/192709_00F43.JPG,1
149,morph/images/195674_00F30.JPG,1
150,morph/images/209011_01M34.JPG,0
151,morph/images/068453_00F38.JPG,1
152,morph/images/271539_04F36.JPG,1
153,morph/images/331356_01M24.JPG,0
154,morph/images/173605_00M29.JPG,0
155,morph/images/320594_00M23.JPG,0
156,morph/images/122605_1M41.JPG,0
157,morph/images/128551_2M42.JPG,0
158,morph/images/251455_02M23.JPG,0
159,morph/images/317942_01M31.JPG,0
160,morph/images/080253_1F35.JPG,1
161,morph/images/280436_00M21.JPG,0
162,morph/images/099762_2M42.JPG,0
163,morph/images/097028_2M42.JPG,0
164,morph/images/060791_0M40.JPG,0
165,morph/images/108886_1M38.JPG,0
166,morph/images/206568_02M27.JPG,0
167,morph/images/117174_4F34.JPG,1
168,morph/images/279921_02M35.JPG,0
169,morph/images/245464_02M26.JPG,0
170,morph/images/276059_01F22.JPG,1
171,morph/images/351093_01M31.JPG,0
172,morph/images/102013_08M41.JPG,0
173,morph/images/129580_09M34.JPG,0
174,morph/images/248670_00M22.JPG,0
175,morph/images/251770_04M23.JPG,0
176,morph/images/331009_00M28.JPG,0
177,morph/images/216595_01M27.JPG,0
178,morph/images/108968_1M45.JPG,0
179,morph/images/079378_1M38.JPG,0
180,morph/images/086554_1M44.JPG,0
181,morph/images/323968_01M40.JPG,0
182,morph/images/159708_02M44.JPG,0
183,morph/images/162525_04F44.JPG,1
184,morph/images/260848_02M27.JPG,0
185,morph/images/084167_0F39.JPG,1
186,morph/images/194386_00F41.JPG,1
187,morph/images/052790_0M44.JPG,0
188,morph/images/115566_3M37.JPG,0
189,morph/images/202953_00F26.JPG,1
190,morph/images/117541_0M36.JPG,0
191,morph/images/241160_00M29.JPG,0
192,morph/images/080923_02F44.JPG,1
193,morph/images/351758_00F25.JPG,1
194,morph/images/151982_00M34.JPG,0
195,morph/images/180761_00M27.JPG,0
196,morph/images/178555_00M30.JPG,0
197,morph/images/071557_05M41.JPG,0
198,morph/images/152117_00F41.JPG,1
199,morph/images/248646_00M24.JPG,0
200,morph/images/257349_01M21.JPG,0
201,morph/images/244436_00M27.JPG,0
202,morph/images/319766_05M39.JPG,0
203,morph/images/079731_0M44.JPG,0
204,morph/images/198592_06M28.JPG,0
205,morph/images/283044_02M22.JPG,0
206,morph/images/112380_1M41.JPG,0
207,morph/images/178014_01M29.JPG,0
208,morph/images/233829_01M26.JPG,0
209,morph/images/067171_0M37.JPG,0
210,morph/images/099377_0M33.JPG,0
211,morph/images/338155_03F32.JPG,1
212,morph/images/085233_1F45.JPG,1
213,morph/images/152225_02M36.JPG,0
214,morph/images/195430_01M28.JPG,0
215,morph/images/203620_01M33.JPG,0
216,morph/images/090222_2M35.JPG,0
217,morph/images/323623_01M31.JPG,0
218,morph/images/207414_00M26.JPG,0
219,morph/images/224467_01M29.JPG,0
220,morph/images/313936_02M22.JPG,0
221,morph/images/253578_00M27.JPG,0
222,morph/images/286942_00M43.JPG,0
223,morph/images/143613_11M40.JPG,0
224,morph/images/066686_1M44.JPG,0
225,morph/images/212093_02M27.JPG,0
226,morph/images/204608_00F31.JPG,1
227,morph/images/143794_00M37.JPG,0
228,morph/images/065829_2M40.JPG,0
229,morph/images/168640_02M29.JPG,0
230,morph/images/067047_6M42.JPG,0
231,morph/images/072569_1M39.JPG,0
232,morph/images/065025_0M38.JPG,0
233,morph/images/137668_1M34.JPG,0
234,morph/images/324305_01M21.JPG,0
235,morph/images/324218_04M22.JPG,0
236,morph/images/100457_1F37.JPG,1
237,morph/images/115578_07M39.JPG,0
238,morph/images/056382_1M42.JPG,0
239,morph/images/344601_01F29.JPG,1
240,morph/images/251684_02M25.JPG,0
241,morph/images/131313_0M31.JPG,0
242,morph/images/346406_00M29.JPG,0
243,morph/images/102250_1M44.JPG,0
244,morph/images/174347_01M31.JPG,0
245,morph/images/111392_11M34.JPG,0
246,morph/images/298504_01F42.JPG,1
247,morph/images/189279_00M27.JPG,0
248,morph/images/100179_0M32.JPG,0
249,morph/images/114962_05M37.JPG,0
250,morph/images/254310_03M22.JPG,0
251,morph/images/105222_1M38.JPG,0
252,morph/images/118241_0M39.JPG,0
253,morph/images/238950_00M24.JPG,0
254,morph/images/279574_03M34.JPG,0
255,morph/images/275698_02M39.JPG,0
256,morph/images/284374_04M25.JPG,0
257,morph/images/256441_01F44.JPG,1
258,morph/images/082063_00M41.JPG,0
259,morph/images/216744_01M27.JPG,0
260,morph/images/223122_00M24.JPG,0
261,morph/images/280062_00F25.JPG,1
262,morph/images/189971_01F34.JPG,1
263,morph/images/211568_01M26.JPG,0
264,morph/images/184534_00M30.JPG,0
265,morph/images/313659_01M21.JPG,0
266,morph/images/079278_1F43.JPG,1
267,morph/images/271678_02F21.JPG,1
268,morph/images/175859_01M30.JPG,0
269,morph/images/232314_01F43.JPG,1
270,morph/images/233244_01M23.JPG,0
271,morph/images/324501_03F23.JPG,1
272,morph/images/101974_2M33.JPG,0
273,morph/images/164777_01M30.JPG,0
274,morph/images/317011_00M30.JPG,0
275,morph/images/110771_1M44.JPG,0
276,morph/images/324188_02M22.JPG,0
277,morph/images/227516_00M26.JPG,0
278,morph/images/283818_06M24.JPG,0
279,morph/images/202701_00F39.JPG,1
280,morph/images/117524_0M31.JPG,0
281,morph/images/199651_00F34.JPG,1
282,morph/images/134793_2M31.JPG,0
283,morph/images/309496_02F22.JPG,1
284,morph/images/133069_1M33.JPG,0
285,morph/images/175831_02M32.JPG,0
286,morph/images/148581_01F32.JPG,1
287,morph/images/133579_0M33.JPG,0
288,morph/images/325510_03M26.JPG,0
289,morph/images/225838_00M26.JPG,0
290,morph/images/234522_04M25.JPG,0
291,morph/images/071990_10F37.JPG,1
292,morph/images/087149_01M43.JPG,0
293,morph/images/120896_1M33.JPG,0
294,morph/images/080522_1M36.JPG,0
295,morph/images/292888_02M25.JPG,0
296,morph/images/111499_0M37.JPG,0
297,morph/images/255859_02M25.JPG,0
298,morph/images/214755_00M25.JPG,0
299,morph/images/291694_01M37.JPG,0
300,morph/images/269256_02M22.JPG,0
301,morph/images/075709_0M41.JPG,0
302,morph/images/346243_04M42.JPG,0
303,morph/images/275781_02M28.JPG,0
304,morph/images/181298_01F33.JPG,1
305,morph/images/203684_00F37.JPG,1
306,morph/images/253405_00M25.JPG,0
307,morph/images/196053_00M27.JPG,0
308,morph/images/088515_7M36.JPG,0
309,morph/images/168941_02M40.JPG,0
310,morph/images/096887_03M38.JPG,0
311,morph/images/326935_03M37.JPG,0
312,morph/images/109329_2F41.JPG,1
313,morph/images/238158_03M38.JPG,0
314,morph/images/169237_01M39.JPG,0
315,morph/images/089318_3M33.JPG,0
316,morph/images/114643_08M36.JPG,0
317,morph/images/197445_01M29.JPG,0
318,morph/images/130144_1M31.JPG,0
319,morph/images/315385_02M44.JPG,0
320,morph/images/105295_2F33.JPG,1
321,morph/images/300620_01F29.JPG,1
322,morph/images/333419_01M31.JPG,0
323,morph/images/099843_2M41.JPG,0
324,morph/images/121359_5F35.JPG,1
325,morph/images/196250_01M28.JPG,0
326,morph/images/180605_01M30.JPG,0
327,morph/images/168647_00M30.JPG,0
328,morph/images/227142_00M25.JPG,0
329,morph/images/083836_0M37.JPG,0
330,morph/images/168960_01F36.JPG,1
331,morph/images/209044_04M29.JPG,0
332,morph/images/201761_02F27.JPG,1
333,morph/images/183076_02M30.JPG,0
334,morph/images/324933_02M26.JPG,0
335,morph/images/129101_02M40.JPG,0
336,morph/images/140377_02M36.JPG,0
337,morph/images/127650_2M41.JPG,0
338,morph/images/211681_01F32.JPG,1
339,morph/images/299984_03F27.JPG,1
340,morph/images/181771_01F31.JPG,1
341,morph/images/218703_02M24.JPG,0
342,morph/images/305694_01M27.JPG,0
343,morph/images/202391_01M29.JPG,0
344,morph/images/345311_00M22.JPG,0
345,morph/images/342180_02F24.JPG,1
346,morph/images/235420_00M37.JPG,0
347,morph/images/241970_04M33.JPG,0
348,morph/images/182413_01M35.JPG,0
349,morph/images/110006_0M45.JPG,0
350,morph/images/280640_01M22.JPG,0
351,morph/images/163696_01F31.JPG,1
352,morph/images/215079_01M25.JPG,0
353,morph/images/329016_00M21.JPG,0
354,morph/images/103400_06M38.JPG,0
355,morph/images/177281_02M29.JPG,0
356,morph/images/320157_03F26.JPG,1
357,morph/images/097868_1M39.JPG,0
358,morph/images/054402_2M42.JPG,0
359,morph/images/293726_01M34.JPG,0
360,morph/images/302140_00F26.JPG,1
361,morph/images/056111_3M42.JPG,0
362,morph/images/335130_00M23.JPG,0
363,morph/images/075269_7M39.JPG,0
364,morph/images/303957_05F37.JPG,1
365,morph/images/092543_0M42.JPG,0
366,morph/images/298909_00M41.JPG,0
367,morph/images/059368_1F41.JPG,1
368,morph/images/102626_1M37.JPG,0
369,morph/images/103743_3M37.JPG,0
370,morph/images/248996_00F26.JPG,1
371,morph/images/150482_00M31.JPG,0
372,morph/images/239483_07M24.JPG,0
373,morph/images/125283_2M45.JPG,0
374,morph/images/211638_01M25.JPG,0
375,morph/images/283940_00M25.JPG,0
376,morph/images/323250_00M29.JPG,0
377,morph/images/163235_08M42.JPG,0
378,morph/images/276401_02F24.JPG,1
379,morph/images/318932_04F28.JPG,1
380,morph/images/130630_13M45.JPG,0
381,morph/images/212848_01M26.JPG,0
382,morph/images/156550_06M36.JPG,0
383,morph/images/108807_1F36.JPG,1
384,morph/images/109351_1M34.JPG,0
385,morph/images/078107_0M40.JPG,0
386,morph/images/110142_09M41.JPG,0
387,morph/images/101715_2M35.JPG,0
388,morph/images/063499_03M45.JPG,0
389,morph/images/202630_02M39.JPG,0
390,morph/images/236691_07M27.JPG,0
391,morph/images/334366_00M21.JPG,0
392,morph/images/306229_02F38.JPG,1
393,morph/images/296115_01F22.JPG,1
394,morph/images/216778_00M27.JPG,0
395,morph/images/105342_12M45.JPG,0
396,morph/images/185937_01M28.JPG,0
397,morph/images/221309_02M26.JPG,0
398,morph/images/077982_1M36.JPG,0
399,morph/images/216418_00M35.JPG,0
400,morph/images/340757_00M43.JPG,0
401,morph/images/185989_00M33.JPG,0
402,morph/images/184403_01M27.JPG,0
403,morph/images/202853_01F38.JPG,1
404,morph/images/083032_1F40.JPG,1
405,morph/images/318096_00M22.JPG,0
406,morph/images/088787_2M39.JPG,0
407,morph/images/107555_0F36.JPG,1
408,morph/images/244456_01M24.JPG,0
409,morph/images/233610_02M26.JPG,0
410,morph/images/109308_02F43.JPG,1
411,morph/images/122320_4M34.JPG,0
412,morph/images/166746_01M32.JPG,0
413,morph/images/253913_01M35.JPG,0
414,morph/images/215005_02F34.JPG,1
415,morph/images/225352_02F26.JPG,1
416,morph/images/081161_0F42.JPG,1
417,morph/images/310330_03F29.JPG,1
418,morph/images/311955_02F25.JPG,1
419,morph/images/191529_00M27.JPG,0
420,morph/images/102174_0M34.JPG,0
421,morph/images/153563_02F38.JPG,1
422,morph/images/221015_03M28.JPG,0
423,morph/images/148493_04M33.JPG,0
424,morph/images/147935_00M45.JPG,0
425,morph/images/200671_01M33.JPG,0
426,morph/images/191552_04M29.JPG,0
427,morph/images/233147_00M28.JPG,0
428,morph/images/103355_5M38.JPG,0
429,morph/images/307054_01M29.JPG,0
430,morph/images/166928_01F29.JPG,1
431,morph/images/290546_00M24.JPG,0
432,morph/images/148038_02M31.JPG,0
433,morph/images/206940_04F41.JPG,1
434,morph/images/174522_01M39.JPG,0
435,morph/images/169277_00M33.JPG,0
436,morph/images/190416_02M32.JPG,0
437,morph/images/165370_02F32.JPG,1
438,morph/images/077903_1M38.JPG,0
439,morph/images/110900_4F36.JPG,1
440,morph/images/329304_00M32.JPG,0
441,morph/images/244548_05M26.JPG,0
442,morph/images/208596_01M34.JPG,0
443,morph/images/138552_4M32.JPG,0
444,morph/images/076422_0F42.JPG,1
445,morph/images/202056_00M26.JPG,0
446,morph/images/088559_1M37.JPG,0
447,morph/images/232617_01F30.JPG,1
448,morph/images/126977_05M34.JPG,0
449,morph/images/106907_15M36.JPG,0
450,morph/images/198497_02M30.JPG,0
451,morph/images/341780_02F28.JPG,1
452,morph/images/247498_03F24.JPG,1
453,morph/images/232979_01F29.JPG,1
454,morph/images/158579_01F41.JPG,1
455,morph/images/083468_0M34.JPG,0
456,morph/images/269080_01F21.JPG,1
457,morph/images/305709_01F26.JPG,1
458,morph/images/122732_0M34.JPG,0
459,morph/images/334526_01M21.JPG,0
460,morph/images/162472_01M30.JPG,0
461,morph/images/072624_1M38.JPG,0
462,morph/images/257661_01M23.JPG,0
463,morph/images/102707_1M35.JPG,0
464,morph/images/047686_0M45.JPG,0
465,morph/images/249919_00M41.JPG,0
466,morph/images/073069_1M41.JPG,0
467,morph/images/207233_03M27.JPG,0
468,morph/images/098246_0F45.JPG,1
469,morph/images/324260_01M40.JPG,0
470,morph/images/232441_04M25.JPG,0
471,morph/images/125627_00M33.JPG,0
472,morph/images/096322_2M41.JPG,0
473,morph/images/272382_03F31.JPG,1
474,morph/images/052327_0M44.JPG,0
475,morph/images/123566_0M41.JPG,0
476,morph/images/290802_02F21.JPG,1
477,morph/images/335180_02F23.JPG,1
478,morph/images/098721_2F45.JPG,1
479,morph/images/207054_02M37.JPG,0
480,morph/images/300247_02M30.JPG,0
481,morph/images/328895_00M31.JPG,0
482,morph/images/334969_02F43.JPG,1
483,morph/images/095803_3M34.JPG,0
484,morph/images/281448_02M21.JPG,0
485,morph/images/323889_02F34.JPG,1
486,morph/images/152358_00M42.JPG,0
487,morph/images/111668_4M36.JPG,0
488,morph/images/315140_02M40.JPG,0
489,morph/images/192181_05M30.JPG,0
490,morph/images/232455_02M25.JPG,0
491,morph/images/173451_01M30.JPG,0
492,morph/images/259454_00M44.JPG,0
493,morph/images/207555_02F25.JPG,1
494,morph/images/058231_1M41.JPG,0
495,morph/images/268807_00M43.JPG,0
496,morph/images/180361_04F39.JPG,1
497,morph/images/058760_01M45.JPG,0
498,morph/images/192612_07M27.JPG,0
499,morph/images/180812_01M29.JPG,0
500,morph/images/275266_02F22.JPG,1
501,morph/images/102253_1M35.JPG,0
502,morph/images/110384_05M40.JPG,0
503,morph/images/049032_0M45.JPG,0
504,morph/images/276219_02F30.JPG,1
505,morph/images/335694_02M27.JPG,0
506,morph/images/323105_02M32.JPG,0
507,morph/images/316464_02M31.JPG,0
508,morph/images/274220_07M24.JPG,0
509,morph/images/080609_5F45.JPG,1
510,morph/images/100978_8M35.JPG,0
511,morph/images/081236_04F42.JPG,1
512,morph/images/117480_00M36.JPG,0
513,morph/images/074018_6F44.JPG,1
514,morph/images/221402_01M24.JPG,0
515,morph/images/147307_00M33.JPG,0
516,morph/images/118843_09M39.JPG,0
517,morph/images/230930_00M37.JPG,0
518,morph/images/098503_3F40.JPG,1
519,morph/images/248509_01M39.JPG,0
520,morph/images/272757_00F25.JPG,1
521,morph/images/227749_05M44.JPG,0
522,morph/images/326169_01F33.JPG,1
523,morph/images/117005_2F35.JPG,1
524,morph/images/275075_00M21.JPG,0
525,morph/images/067127_1F41.JPG,1
526,morph/images/151417_01M34.JPG,0
527,morph/images/157526_06M32.JPG,0
528,morph/images/324224_02F27.JPG,1
529,morph/images/333670_01M31.JPG,0
530,morph/images/240745_00M23.JPG,0
531,morph/images/302903_02F24.JPG,1
532,morph/images/169173_04M30.JPG,0
533,morph/images/190358_01F29.JPG,1
534,morph/images/324361_00M24.JPG,0
535,morph/images/286913_00F23.JPG,1
536,morph/images/206101_01M28.JPG,0
537,morph/images/153735_05M32.JPG,0
538,morph/images/343119_00M30.JPG,0
539,morph/images/337967_01F21.JPG,1
540,morph/images/227875_01M24.JPG,0
541,morph/images/128119_2M34.JPG,0
542,morph/images/169941_00M30.JPG,0
543,morph/images/317139_00F28.JPG,1
544,morph/images/229405_01M24.JPG,0
545,morph/images/332016_02M31.JPG,0
546,morph/images/280365_04M22.JPG,0
547,morph/images/323236_02M23.JPG,0
548,morph/images/248037_01M21.JPG,0
549,morph/images/206932_12M35.JPG,0
550,morph/images/088100_1M40.JPG,0
551,morph/images/119042_2M38.JPG,0
552,morph/images/307570_02M29.JPG,0
553,morph/images/107126_03M43.JPG,0
554,morph/images/152991_01F40.JPG,1
555,morph/images/254960_02M23.JPG,0
556,morph/images/074749_4M37.JPG,0
557,morph/images/124855_05M35.JPG,0
558,morph/images/295633_01M31.JPG,0
559,morph/images/324545_06M33.JPG,0
560,morph/images/137292_2M31.JPG,0
561,morph/images/051325_5M43.JPG,0
562,morph/images/324901_00M23.JPG,0
563,morph/images/321757_02M24.JPG,0
564,morph/images/115836_0M34.JPG,0
565,morph/images/064062_3M43.JPG,0
566,morph/images/133286_1M32.JPG,0
567,morph/images/234925_00M28.JPG,0
568,morph/images/057531_1M43.JPG,0
569,morph/images/251336_00M28.JPG,0
570,morph/images/206238_02M29.JPG,0
571,morph/images/329085_02F21.JPG,1
572,morph/images/301614_01F29.JPG,1
573,morph/images/338722_00M23.JPG,0
574,morph/images/120082_5M33.JPG,0
575,morph/images/125991_04M39.JPG,0
576,morph/images/064316_0M39.JPG,0
577,morph/images/061570_2M43.JPG,0
578,morph/images/296384_01F23.JPG,1
579,morph/images/310928_02M39.JPG,0
580,morph/images/213102_06M27.JPG,0
581,morph/images/174427_06M30.JPG,0
582,morph/images/324997_01M44.JPG,0
583,morph/images/152111_01M30.JPG,0
584,morph/images/061470_2M44.JPG,0
585,morph/images/112311_10M35.JPG,0
586,morph/images/063878_7M43.JPG,0
587,morph/images/282002_02M21.JPG,0
588,morph/images/179647_03M36.JPG,0
589,morph/images/207490_00M25.JPG,0
590,morph/images/216656_01M25.JPG,0
591,morph/images/101157_1F38.JPG,1
592,morph/images/315520_00M34.JPG,0
593,morph/images/123859_8F35.JPG,1
594,morph/images/161573_01F30.JPG,1
595,morph/images/212217_01M27.JPG,0
596,morph/images/095594_6M40.JPG,0
597,morph/images/057262_1M42.JPG,0
598,morph/images/261733_01M45.JPG,0
599,morph/images/128931_07M39.JPG,0
